Classification,Common Name,Scientific Name,Population Trend,Assessment,Conservation Status,IUCN Link,Kingdom,Class
plantae — polypodiopsida,Maidenhair Fern,Adiantum capillus-veneris,Stable,Global,Least Concern,https://www.iucnredlist.org/species/164082/67770327,plantae,polypodiopsida
animalia — insecta,Lance-tipped Darner,Aeshna constricta,Stable,Global,Least Concern,https://www.iucnredlist.org/species/50959122/65394677,animalia,insecta
animalia — insecta,Lake Darner,Aeshna eremita,Stable,Global,Least Concern,https://www.iucnredlist.org/species/50959126/65836159,animalia,insecta
animalia — insecta,Variable Darner,Aeshna interrupta,Stable,Global,Least Concern,https://www.iucnredlist.org/species/50959132/65836164,animalia,insecta
animalia — insecta,Moorland Hawker,Aeshna juncea,Stable,Global,Least Concern,https://www.iucnredlist.org/species/165518/65835376,animalia,insecta
animalia — insecta,Paddle-tailed Darner,Aeshna palmata,Stable,Global,Least Concern,https://www.iucnredlist.org/species/164945/65821697,animalia,insecta
animalia — insecta,Persephone's Darner,Aeshna persephone,Stable,Global,Least Concern,https://www.iucnredlist.org/species/562/80695133,animalia,insecta
animalia — insecta,Zigzag Darner,Aeshna sitchensis,Stable,Global,Least Concern,https://www.iucnredlist.org/species/50959145/65836174,animalia,insecta
animalia — insecta,Shadow Darner,Aeshna umbrosa,Stable,Global,Least Concern,https://www.iucnredlist.org/species/165055/65828540,animalia,insecta
plantae — liliopsida,Utah Agave,Agave utahensis,Stable,Global,Least Concern,https://www.iucnredlist.org/species/115698677/116354603,plantae,liliopsida
plantae — liliopsida,Creeping Bent Grass,Agrostis stolonifera,Stable,Global,Least Concern,https://www.iucnredlist.org/species/164020/42383133,plantae,liliopsida
plantae — liliopsida,,Alisma triviale,Unknown,Global,Least Concern,https://www.iucnredlist.org/species/64263415/67728488,plantae,liliopsida
plantae — liliopsida,,Allium geyeri,Unknown,Global,Least Concern,https://www.iucnredlist.org/species/64263485/67728493,plantae,liliopsida
plantae — magnoliopsida,Grey Alder,Alnus incana,Stable,Global,Least Concern,https://www.iucnredlist.org/species/194472/2338986,plantae,magnoliopsida
plantae — liliopsida,Orange Foxtail,Alopecurus aequalis,Unknown,Global,Least Concern,https://www.iucnredlist.org/species/164156/1025862,plantae,liliopsida
plantae — liliopsida,Tufted Foxtail,Alopecurus carolinianus,Unknown,Global,Least Concern,https://www.iucnredlist.org/species/64263649/67728498,plantae,liliopsida
plantae — liliopsida,Alpine Foxtail,Alopecurus magellanicus,Unknown,Global,Least Concern,https://www.iucnredlist.org/species/58084855/58084864,plantae,liliopsida
animalia — amphibia,Western Tiger Salamander,Ambystoma mavortium,Stable,Global,Least Concern,https://www.iucnredlist.org/species/199970/196342549,animalia,amphibia
animalia — amphibia,Eastern Tiger Salamander,Ambystoma tigrinum,Stable,Global,Least Concern,https://www.iucnredlist.org/species/83293207/196342827,animalia,amphibia
plantae — magnoliopsida,,Ammannia robusta,Unknown,Global,Least Concern,https://www.iucnredlist.org/species/64263777/67728508,plantae,magnoliopsida
animalia — mammalia,White-tailed Antelope Squirrel,Ammospermophilus leucurus,Stable,Global,Least Concern,https://www.iucnredlist.org/species/42452/115189458,animalia,mammalia
animalia — gastropoda,Mud Amnicola,Amnicola limosa,Stable,Global,Least Concern,https://www.iucnredlist.org/species/69615713/69632923,animalia,gastropoda
plantae — magnoliopsida,,Amorpha californica,Stable,Global,Least Concern,https://www.iucnredlist.org/species/19892228/20005262,plantae,magnoliopsida
animalia — insecta,Western Red Damsel,Amphiagrion abbreviatum,Stable,Global,Least Concern,https://www.iucnredlist.org/species/51302894/65836659,animalia,insecta
plantae — liliopsida,Nevada bulrush,Amphiscirpus nevadensis,Unknown,Global,Least Concern,https://www.iucnredlist.org/species/64263809/67728513,plantae,liliopsida
animalia — insecta,Common Green Darner,Anax junius,Stable,Global,Least Concern,https://www.iucnredlist.org/species/165081/65831504,animalia,insecta
animalia — insecta,Giant Darner,Anax walsinghami,Stable,Global,Least Concern,https://www.iucnredlist.org/species/50959519/80684340,animalia,insecta
animalia — amphibia,Western Toad,Anaxyrus boreas,Decreasing,Global,Least Concern,https://www.iucnredlist.org/species/181488862/197445871,animalia,amphibia
animalia — amphibia,Great Plains Toad,Anaxyrus cognatus,Stable,Global,Least Concern,https://www.iucnredlist.org/species/54612/196333146,animalia,amphibia
animalia — amphibia,Arizona Toad,Anaxyrus microscaphus,Decreasing,Global,Least Concern,https://www.iucnredlist.org/species/54709/56844919,animalia,amphibia
animalia — amphibia,Baird's Spotted Toad,Anaxyrus punctatus,Stable,Global,Least Concern,https://www.iucnredlist.org/species/54739/53950671,animalia,amphibia
animalia — amphibia,Woodhouse's Toad,Anaxyrus woodhousii,Stable,Global,Least Concern,https://www.iucnredlist.org/species/54798/53951380,animalia,amphibia
animalia — bivalvia,Winged Floater,Anodonta nuttalliana,Decreasing,Global,Vulnerable,https://www.iucnredlist.org/species/91149898/114130670,animalia,bivalvia
animalia — insecta,Polyphemus Moth,Antheraea polyphemus,Unknown,Global,Least Concern,https://www.iucnredlist.org/species/173004714/173004732,animalia,insecta
animalia — mammalia,Pronghorn,Antilocapra americana,Stable,Global,Least Concern,https://www.iucnredlist.org/species/1677/115056938,animalia,mammalia
animalia — mammalia,Pallid Bat,Antrozous pallidus,Stable,Global,Least Concern,https://www.iucnredlist.org/species/1790/22129152,animalia,mammalia
animalia — reptilia,Spiny Softshell Turtle,Apalone spinifera,Stable,Global,Least Concern,https://www.iucnredlist.org/species/163451/161722123,animalia,reptilia
plantae — magnoliopsida,Wild Celery,Apium graveolens,Increasing,Global,Least Concern,https://www.iucnredlist.org/species/164203/13575099,plantae,magnoliopsida
animalia — gastropoda,Lance Aplexa,Aplexa elongata,Stable,Global,Least Concern,https://www.iucnredlist.org/species/69623954/69633063,animalia,gastropoda
animalia — amphibia,Green Frog,Aquarana clamitans,Stable,Global,Least Concern,https://www.iucnredlist.org/species/58578/193376512,animalia,amphibia
plantae — magnoliopsida,Graham's Columbine,Aquilegia grahamii,Unknown,Global,Endangered,https://www.iucnredlist.org/species/195184360/195184363,plantae,magnoliopsida
animalia — insecta,Great Spreadwing,Archilestes grandis,Increasing,Global,Least Concern,https://www.iucnredlist.org/species/49254284/65836134,animalia,insecta
animalia — insecta,,Argia alberta,Stable,Global,Least Concern,https://www.iucnredlist.org/species/165033/80688733,animalia,insecta
animalia — insecta,Blue-fronted Dancer,Argia apicalis,Stable,Global,Least Concern,https://www.iucnredlist.org/species/164989/65824309,animalia,insecta
animalia — insecta,Emma's Dancer,Argia emma,Stable,Global,Least Concern,https://www.iucnredlist.org/species/51332230/65836664,animalia,insecta
animalia — insecta,Variable Dancer,Argia fumipennis,Stable,Global,Least Concern,https://www.iucnredlist.org/species/51332246/65836669,animalia,insecta
animalia — insecta,Lavender Dancer,Argia hinei,Stable,Global,Least Concern,https://www.iucnredlist.org/species/51332278/80690064,animalia,insecta
animalia — insecta,,Argia lugens,Stable,Global,Least Concern,https://www.iucnredlist.org/species/164962/80692724,animalia,insecta
animalia — insecta,Powdered Dancer,Argia moesta,Stable,Global,Least Concern,https://www.iucnredlist.org/species/165038/65827364,animalia,insecta
animalia — insecta,Aztec Dancer,Argia nahuana,Stable,Global,Least Concern,https://www.iucnredlist.org/species/51332329/80681384,animalia,insecta
animalia — insecta,Blue-ringed Dancer,Argia sedula,Stable,Global,Least Concern,https://www.iucnredlist.org/species/51332337/65836674,animalia,insecta
animalia — insecta,Vivid Dancer,Argia vivida,Stable,Global,Least Concern,https://www.iucnredlist.org/species/51332354/65836679,animalia,insecta
animalia — insecta,Great Spangled Fritillary,Argynnis cybele,Unknown,Global,Least Concern,https://www.iucnredlist.org/species/160901/860546,animalia,insecta
plantae — liliopsida,,Aristida purpurea,Stable,Global,Least Concern,https://www.iucnredlist.org/species/44392137/44461465,plantae,liliopsida
plantae — liliopsida,Giant Reed,Arundo donax,Unknown,Global,Least Concern,https://www.iucnredlist.org/species/164340/1043245,plantae,liliopsida
plantae — magnoliopsida,Swamp Milkweed,Asclepias incarnata,Unknown,Global,Least Concern,https://www.iucnredlist.org/species/64264155/112961614,plantae,magnoliopsida
plantae — magnoliopsida,,Astragalus altus,Decreasing,Global,Endangered,https://www.iucnredlist.org/species/19892777/20008399,plantae,magnoliopsida
plantae — magnoliopsida,,Astragalus calycosus,Stable,Global,Least Concern,https://www.iucnredlist.org/species/19891964/20009751,plantae,magnoliopsida
plantae — magnoliopsida,,Astragalus castetteri,Stable,Global,Near Threatened,https://www.iucnredlist.org/species/19892208/20010100,plantae,magnoliopsida
plantae — magnoliopsida,,Astragalus cobrensis,Stable,Global,Least Concern,https://www.iucnredlist.org/species/19892240/20010462,plantae,magnoliopsida
plantae — magnoliopsida,,Astragalus coltonii,Stable,Global,Least Concern,https://www.iucnredlist.org/species/19892442/20010808,plantae,magnoliopsida
plantae — magnoliopsida,,Astragalus cottamii,Stable,Global,Least Concern,https://www.iucnredlist.org/species/19892983/20011546,plantae,magnoliopsida
plantae — magnoliopsida,,Astragalus crassicarpus,Stable,Global,Least Concern,https://www.iucnredlist.org/species/19891488/20011898,plantae,magnoliopsida
plantae — magnoliopsida,,Astragalus crotalariae,Stable,Global,Least Concern,https://www.iucnredlist.org/species/19893114/20012267,plantae,magnoliopsida
plantae — magnoliopsida,,Astragalus didymocarpus,Stable,Global,Least Concern,https://www.iucnredlist.org/species/19892382/20012561,plantae,magnoliopsida
plantae — magnoliopsida,,Astragalus ensiformis,Stable,Global,Least Concern,https://www.iucnredlist.org/species/19892581/20013070,plantae,magnoliopsida
plantae — magnoliopsida,,Astragalus flexuosus,Stable,Global,Least Concern,https://www.iucnredlist.org/species/19892709/20013454,plantae,magnoliopsida
plantae — magnoliopsida,,Astragalus geyeri,Stable,Global,Least Concern,https://www.iucnredlist.org/species/19892516/20013949,plantae,magnoliopsida
plantae — magnoliopsida,,Astragalus harrisonii,Unknown,Global,Near Threatened,https://www.iucnredlist.org/species/19892548/20014315,plantae,magnoliopsida
plantae — magnoliopsida,,Astragalus inyoensis,Stable,Global,Near Threatened,https://www.iucnredlist.org/species/19892575/20014804,plantae,magnoliopsida
plantae — magnoliopsida,,Astragalus lentiginosus,Stable,Global,Least Concern,https://www.iucnredlist.org/species/19892168/20015782,plantae,magnoliopsida
plantae — magnoliopsida,,Astragalus leucolobus,Decreasing,Global,Vulnerable,https://www.iucnredlist.org/species/19893094/20016264,plantae,magnoliopsida
plantae — magnoliopsida,,Astragalus miser,Stable,Global,Least Concern,https://www.iucnredlist.org/species/19893117/20016896,plantae,magnoliopsida
plantae — magnoliopsida,Missouri Milkvetch,Astragalus missouriensis,Increasing,Global,Least Concern,https://www.iucnredlist.org/species/153743153/153954442,plantae,magnoliopsida
plantae — magnoliopsida,,Astragalus mollissimus,Stable,Global,Least Concern,https://www.iucnredlist.org/species/19892003/20017256,plantae,magnoliopsida
plantae — magnoliopsida,,Astragalus molybdenus,Stable,Global,Least Concern,https://www.iucnredlist.org/species/19891799/20017606,plantae,magnoliopsida
plantae — magnoliopsida,,Astragalus nuttallianus,Stable,Global,Least Concern,https://www.iucnredlist.org/species/19892274/20017957,plantae,magnoliopsida
plantae — magnoliopsida,,Astragalus oophorus,Stable,Global,Least Concern,https://www.iucnredlist.org/species/19892057/20018307,plantae,magnoliopsida
plantae — magnoliopsida,,Astragalus pachypus,Stable,Global,Least Concern,https://www.iucnredlist.org/species/19892692/20018770,plantae,magnoliopsida
plantae — magnoliopsida,,Astragalus piutensis,Stable,Global,Least Concern,https://www.iucnredlist.org/species/19891567/20016771,plantae,magnoliopsida
plantae — magnoliopsida,,Astragalus pubentissimus,Stable,Global,Least Concern,https://www.iucnredlist.org/species/19892093/20019919,plantae,magnoliopsida
plantae — magnoliopsida,,Astragalus sparsiflorus,Stable,Global,Least Concern,https://www.iucnredlist.org/species/19891748/20021676,plantae,magnoliopsida
plantae — magnoliopsida,,Astragalus tener,Decreasing,Global,Endangered,https://www.iucnredlist.org/species/19892179/20022449,plantae,magnoliopsida
plantae — magnoliopsida,,Astragalus terminalis,Stable,Global,Least Concern,https://www.iucnredlist.org/species/19892607/20022879,plantae,magnoliopsida
plantae — magnoliopsida,,Astragalus whitneyi,Stable,Global,Least Concern,https://www.iucnredlist.org/species/19892715/20024012,plantae,magnoliopsida
plantae — magnoliopsida,,Bacopa rotundifolia,Unknown,Global,Least Concern,https://www.iucnredlist.org/species/64264258/67728548,plantae,magnoliopsida
plantae — magnoliopsida,,Baptisia sphaerocarpa,Stable,Global,Least Concern,https://www.iucnredlist.org/species/19892853/20025496,plantae,magnoliopsida
plantae — magnoliopsida,Herb Barbaras,Barbarea vulgaris,Stable,Global,Least Concern,https://www.iucnredlist.org/species/176585/42338497,plantae,magnoliopsida
plantae — liliopsida,,Beckmannia syzigachne,Unknown,Global,Least Concern,https://www.iucnredlist.org/species/168748/1220938,plantae,liliopsida
plantae — magnoliopsida,Dwarf Birch,Betula glandulosa,Stable,Global,Least Concern,https://www.iucnredlist.org/species/194626/2353611,plantae,magnoliopsida
plantae — magnoliopsida,Water birch,Betula occidentalis,Stable,Global,Least Concern,https://www.iucnredlist.org/species/194643/2355167,plantae,magnoliopsida
plantae — magnoliopsida,Nodding Bur-marigold,Bidens cernua,Stable,Global,Least Concern,https://www.iucnredlist.org/species/175257/42337102,plantae,magnoliopsida
plantae — magnoliopsida,,Bidens frondosa,Unknown,Global,Least Concern,https://www.iucnredlist.org/species/64264333/67728568,plantae,magnoliopsida
plantae — magnoliopsida,Trifid Bur-marigold,Bidens tripartita,Stable,Global,Least Concern,https://www.iucnredlist.org/species/168750/42337582,plantae,magnoliopsida
animalia — mammalia,American Bison,Bison bison,Stable,Global,Near Threatened,https://www.iucnredlist.org/species/2815/123789863,animalia,mammalia
plantae — magnoliopsida,,Boisduvalia glabella,Unknown,Global,Least Concern,https://www.iucnredlist.org/species/64264444/67728588,plantae,magnoliopsida
plantae — liliopsida,Sea Club-Rush,Bolboschoenus maritimus,Stable,Global,Least Concern,https://www.iucnredlist.org/species/164276/1036571,plantae,liliopsida
animalia — insecta,White Shouldered Bumble Bee,Bombus appositus,Unknown,Global,Least Concern,https://www.iucnredlist.org/species/44938356/46440331,animalia,insecta
animalia — insecta,Two Form Bumble Bee,Bombus bifarius,Stable,Global,Least Concern,https://www.iucnredlist.org/species/44937707/68999754,animalia,insecta
animalia — insecta,Ashton's Cuckoo Bumblebee,Bombus bohemicus,Decreasing,Global,Data Deficient,https://www.iucnredlist.org/species/13152926/46440141,animalia,insecta
animalia — insecta,Central Bumble Bee,Bombus centralis,Stable,Global,Least Concern,https://www.iucnredlist.org/species/44937777/69001290,animalia,insecta
animalia — insecta,Cryptic Bumblebee,Bombus cryptarum,Unknown,Global,Data Deficient,https://www.iucnredlist.org/species/13340340/46440146,animalia,insecta
animalia — insecta,Yellow Bumblebee,Bombus fervidus,Decreasing,Global,Vulnerable,https://www.iucnredlist.org/species/21215132/21215225,animalia,insecta
animalia — insecta,Fernald Cuckoo Bumble Bee,Bombus flavidus,Stable,Global,Data Deficient,https://www.iucnredlist.org/species/13340361/46440156,animalia,insecta
animalia — insecta,Yellow Head Bumble Bee,Bombus flavifrons,Stable,Global,Least Concern,https://www.iucnredlist.org/species/44937784/46440266,animalia,insecta
animalia — insecta,Brown-belted Bumblebee,Bombus griseocollis,Stable,Global,Least Concern,https://www.iucnredlist.org/species/44937645/46440221,animalia,insecta
animalia — insecta,Hunt Bumble Bee,Bombus huntii,Stable,Global,Least Concern,https://www.iucnredlist.org/species/21215139/21215245,animalia,insecta
animalia — insecta,Indiscriminate Cuckoo Bumble Bee,Bombus insularis,Stable,Global,Least Concern,https://www.iucnredlist.org/species/44937688/68984117,animalia,insecta
animalia — insecta,,Bombus kirbiellus,Unknown,Global,Data Deficient,https://www.iucnredlist.org/species/88088737/88291693,animalia,insecta
animalia — insecta,Black Tail Bumble Bee,Bombus melanopygus,Stable,Global,Least Concern,https://www.iucnredlist.org/species/44937809/68983638,animalia,insecta
animalia — insecta,Fuzzy-horned Bumble Bee,Bombus mixtus,Stable,Global,Least Concern,https://www.iucnredlist.org/species/44937898/69004061,animalia,insecta
animalia — insecta,Morrison Bumble Bee,Bombus morrisoni,Decreasing,Global,Vulnerable,https://www.iucnredlist.org/species/44937666/69004519,animalia,insecta
animalia — insecta,Nevada Bumble Bee,Bombus nevadensis,Stable,Global,Least Concern,https://www.iucnredlist.org/species/21215146/21215273,animalia,insecta
animalia — insecta,Western Bumble Bee,Bombus occidentalis,Decreasing,Global,Vulnerable,https://www.iucnredlist.org/species/44937492/46440201,animalia,insecta
animalia — insecta,American Bumblebee,Bombus pensylvanicus,Decreasing,Global,Vulnerable,https://www.iucnredlist.org/species/21215172/21215281,animalia,insecta
animalia — insecta,Red-belted Bumble Bee,Bombus rufocinctus,Stable,Global,Least Concern,https://www.iucnredlist.org/species/21215145/21215305,animalia,insecta
animalia — insecta,Sitka bumble bee,Bombus sitkensis,Stable,Global,Least Concern,https://www.iucnredlist.org/species/44937938/46440301,animalia,insecta
animalia — insecta,Suckley Cuckoo Bumble Bee,Bombus suckleyi,Decreasing,Global,Critically Endangered,https://www.iucnredlist.org/species/44937699/46440241,animalia,insecta
animalia — insecta,Forest Bumble Bee,Bombus sylvicola,Stable,Global,Least Concern,https://www.iucnredlist.org/species/44937945/46440306,animalia,insecta
animalia — insecta,Yellow-banded Bumblebee,Bombus terricola,Decreasing,Global,Vulnerable,https://www.iucnredlist.org/species/44937505/46440206,animalia,insecta
animalia — insecta,Half-black Bumblebee,Bombus vagans,Stable,Global,Least Concern,https://www.iucnredlist.org/species/44938024/46440316,animalia,insecta
animalia — mammalia,Pygmy Rabbit,Brachylagus idahoensis,Unknown,Global,Least Concern,https://www.iucnredlist.org/species/2963/45176206,animalia,mammalia
animalia — insecta,Pale-faced Clubskimmer,Brechmorhoga mendax,Stable,Global,Least Concern,https://www.iucnredlist.org/species/51272874/80694310,animalia,insecta
plantae — liliopsida,Bluejoint Reed Grass,Calamagrostis canadensis,Stable,Global,Least Concern,https://www.iucnredlist.org/species/44393334/44439796,plantae,liliopsida
plantae — magnoliopsida,Autumnal Water-starwort,Callitriche hermaphroditica,Decreasing,Global,Least Concern,https://www.iucnredlist.org/species/167828/69585026,plantae,magnoliopsida
plantae — magnoliopsida,Two-headed water-starwort,Callitriche heterophylla,Unknown,Global,Least Concern,https://www.iucnredlist.org/species/64268932/66889787,plantae,magnoliopsida
plantae — magnoliopsida,Narrow-fruited Water-starwort,Callitriche palustris,Stable,Global,Least Concern,https://www.iucnredlist.org/species/164452/69585303,plantae,magnoliopsida
plantae — magnoliopsida,Narrow-winged water-starwort,Callitriche stenoptera,Unknown,Global,Data Deficient,https://www.iucnredlist.org/species/69728164/69732469,plantae,magnoliopsida
animalia — insecta,River Jewelwing,Calopteryx aequabilis,Stable,Global,Least Concern,https://www.iucnredlist.org/species/165005/65826235,animalia,insecta
plantae — magnoliopsida,,Caltha leptosepala,Unknown,Global,Least Concern,https://www.iucnredlist.org/species/64269065/67728623,plantae,magnoliopsida
plantae — magnoliopsida,,Calystegia sepium,Unknown,Global,Least Concern,https://www.iucnredlist.org/species/19224959/78457032,plantae,magnoliopsida
plantae — magnoliopsida,Bolander's Camissonia,Camissonia bolanderi,Unknown,Global,Vulnerable,https://www.iucnredlist.org/species/200512499/200528512,plantae,magnoliopsida
plantae — magnoliopsida,,Cardamine pensylvanica,Unknown,Global,Least Concern,https://www.iucnredlist.org/species/64269656/67728648,plantae,magnoliopsida
plantae — liliopsida,Aquatic sedge,Carex aquatilis,Stable,Global,Least Concern,https://www.iucnredlist.org/species/167841/69584848,plantae,liliopsida
plantae — liliopsida,Arapaho Sedge,Carex arapahoensis,Unknown,Global,Least Concern,https://www.iucnredlist.org/species/44392588/44541190,plantae,liliopsida
plantae — liliopsida,Wheat sedge,Carex atherodes,Unknown,Global,Least Concern,https://www.iucnredlist.org/species/175266/42325250,plantae,liliopsida
plantae — liliopsida,Bebb's sedge,Carex bebbii,Unknown,Global,Least Concern,https://www.iucnredlist.org/species/64270331/67728709,plantae,liliopsida
plantae — liliopsida,,Carex brunnescens,Unknown,Global,Least Concern,https://www.iucnredlist.org/species/64270380/67728719,plantae,liliopsida
plantae — liliopsida,White Sedge,Carex canescens,Stable,Global,Least Concern,https://www.iucnredlist.org/species/175302/44422250,plantae,liliopsida
plantae — liliopsida,,Carex diandra,Unknown,Global,Least Concern,https://www.iucnredlist.org/species/19617611/19620866,plantae,liliopsida
plantae — liliopsida,Northern Bog Sedge,Carex gynocrates,Unknown,Global,Least Concern,https://www.iucnredlist.org/species/64271261/67728805,plantae,liliopsida
plantae — liliopsida,,Carex hystericina,Unknown,Global,Least Concern,https://www.iucnredlist.org/species/64271477/67728830,plantae,liliopsida
plantae — liliopsida,Inland sedge,Carex interior,Unknown,Global,Least Concern,https://www.iucnredlist.org/species/64271495/67728835,plantae,liliopsida
plantae — liliopsida,Twotipped Sedge,Carex lachenalii,Stable,Global,Least Concern,https://www.iucnredlist.org/species/44393064/44467538,plantae,liliopsida
plantae — liliopsida,Bristly-stalked sedge,Carex leptalea,Unknown,Global,Least Concern,https://www.iucnredlist.org/species/64271813/67728885,plantae,liliopsida
plantae — liliopsida,,Carex limosa,Stable,Global,Least Concern,https://www.iucnredlist.org/species/167843/42343153,plantae,liliopsida
plantae — liliopsida,Woodrush sedge,Carex luzulina,Unknown,Global,Least Concern,https://www.iucnredlist.org/species/64272076/67728910,plantae,liliopsida
plantae — liliopsida,Tall Bog-sedge,Carex magellanica,Stable,Global,Least Concern,https://www.iucnredlist.org/species/19617678/19621281,plantae,liliopsida
plantae — liliopsida,Bristle Sedge,Carex microglochin,Stable,Global,Least Concern,https://www.iucnredlist.org/species/19617691/19621251,plantae,liliopsida
plantae — liliopsida,Nebraska sedge,Carex nebrascensis,Unknown,Global,Least Concern,https://www.iucnredlist.org/species/64272375/67728945,plantae,liliopsida
plantae — liliopsida,Alpine Sedge,Carex norvegica,Stable,Global,Least Concern,https://www.iucnredlist.org/species/44392761/44468013,plantae,liliopsida
plantae — liliopsida,Small-fruited Yellow-sedge,Carex oederi,Unknown,Global,Least Concern,https://www.iucnredlist.org/species/64272624/67728960,plantae,liliopsida
plantae — liliopsida,Parry's Sedge,Carex parryana,Stable,Global,Least Concern,https://www.iucnredlist.org/species/44392280/44466959,plantae,liliopsida
plantae — liliopsida,Woolly sedge,Carex pellita,Unknown,Global,Least Concern,https://www.iucnredlist.org/species/64273037/67728980,plantae,liliopsida
plantae — liliopsida,Knot-sheath sedge,Carex retrorsa,Unknown,Global,Least Concern,https://www.iucnredlist.org/species/64273084/67729010,plantae,liliopsida
plantae — liliopsida,Ross' Sedge,Carex rossii,Stable,Global,Least Concern,https://www.iucnredlist.org/species/44392936/44466658,plantae,liliopsida
plantae — liliopsida,Sartwell's sedge,Carex sartwellii,Unknown,Global,Least Concern,https://www.iucnredlist.org/species/64273119/67729020,plantae,liliopsida
plantae — liliopsida,Russet Sedge,Carex saxatilis,Unknown,Global,Least Concern,https://www.iucnredlist.org/species/64273122/67729025,plantae,liliopsida
plantae — liliopsida,Analogue sedge,Carex simulata,Unknown,Global,Least Concern,https://www.iucnredlist.org/species/64273165/67729045,plantae,liliopsida
plantae — liliopsida,Awl-fruited sedge,Carex stipata,Unknown,Global,Least Concern,https://www.iucnredlist.org/species/64273177/67729055,plantae,liliopsida
plantae — liliopsida,Beaked Sedge,Carex utriculata,Unknown,Global,Least Concern,https://www.iucnredlist.org/species/64273589/67729105,plantae,liliopsida
plantae — liliopsida,,Carex vesicaria,Stable,Global,Least Concern,https://www.iucnredlist.org/species/167846/42370710,plantae,liliopsida
plantae — magnoliopsida,,Castilleja minor,Unknown,Global,Least Concern,https://www.iucnredlist.org/species/64310257/67729120,plantae,magnoliopsida
plantae — magnoliopsida,,Catalpa speciosa,Stable,Global,Least Concern,https://www.iucnredlist.org/species/61985370/61985373,plantae,magnoliopsida
animalia — insecta,Calico Pennant,Celithemis elisa,Stable,Global,Least Concern,https://www.iucnredlist.org/species/164975/65822556,animalia,insecta
plantae — magnoliopsida,Common Hackberry,Celtis occidentalis,Stable,Global,Least Concern,https://www.iucnredlist.org/species/61987996/61987998,plantae,magnoliopsida
plantae — magnoliopsida,,Cerastium arvense,Unknown,Global,Least Concern,https://www.iucnredlist.org/species/64310278/67729130,plantae,magnoliopsida
plantae — magnoliopsida,Rigid Hornwort,Ceratophyllum demersum,Stable,Global,Least Concern,https://www.iucnredlist.org/species/164459/120143653,plantae,magnoliopsida
plantae — magnoliopsida,,Cercis orbiculata,Unknown,Global,Data Deficient,https://www.iucnredlist.org/species/153824155/153835082,plantae,magnoliopsida
animalia — insecta,Common Wood-nymph,Cercyonis pegala,Stable,Global,Least Concern,https://www.iucnredlist.org/species/125855753/125886118,animalia,insecta
animalia — mammalia,Long-tailed Pocket Mouse,Chaetodipus formosus,Stable,Global,Least Concern,https://www.iucnredlist.org/species/4331/22226290,animalia,mammalia
animalia — mammalia,Rock Pocket Mouse,Chaetodipus intermedius,Stable,Global,Least Concern,https://www.iucnredlist.org/species/4334/115068570,animalia,mammalia
animalia — mammalia,Desert Pocket Mouse,Chaetodipus penicillatus,Stable,Global,Least Concern,https://www.iucnredlist.org/species/4336/115068852,animalia,mammalia
plantae — magnoliopsida,Partridge-pea,Chamaecrista nictitans,Stable,Global,Least Concern,https://www.iucnredlist.org/species/19893070/20040380,plantae,magnoliopsida
animalia — reptilia,Northern Rubber Boa,Charina bottae,Stable,Global,Least Concern,https://www.iucnredlist.org/species/91863316/18978274,animalia,reptilia
animalia — reptilia,Snapping Turtle,Chelydra serpentina,Decreasing,Global,Least Concern,https://www.iucnredlist.org/species/163424/251347989,animalia,reptilia
plantae — magnoliopsida,,Chenopodium rubrum,Unknown,Global,Least Concern,https://www.iucnredlist.org/species/64310645/67729145,plantae,magnoliopsida
animalia — reptilia,Painted Turtle,Chrysemys picta,Stable,Global,Least Concern,https://www.iucnredlist.org/species/163467/97410447,animalia,reptilia
animalia — insecta,Coral Pink Sand Dunes Tiger Beetle,Cicindela albissima,Stable,Global,Critically Endangered,https://www.iucnredlist.org/species/64174124/64176982,animalia,insecta
plantae — magnoliopsida,,Cicuta maculata,Unknown,Global,Least Concern,https://www.iucnredlist.org/species/64310721/67729176,plantae,magnoliopsida
plantae — liliopsida,Great Fen-Sedge,Cladium mariscus,Stable,Global,Least Concern,https://www.iucnredlist.org/species/164157/65910896,plantae,liliopsida
plantae — magnoliopsida,,Claytonia cordifolia,Unknown,Global,Least Concern,https://www.iucnredlist.org/species/80603495/80958547,plantae,magnoliopsida
animalia — mammalia,Southern Red-backed Vole,Clethrionomys gapperi,Stable,Global,Least Concern,https://www.iucnredlist.org/species/42617/115195411,animalia,mammalia
animalia — insecta,Taiga Bluet,Coenagrion resolutum,Stable,Global,Least Concern,https://www.iucnredlist.org/species/164966/65822055,animalia,insecta
animalia — insecta,Orange Sulfur,Colias eurytheme,Increasing,Global,Least Concern,https://www.iucnredlist.org/species/125855825/125886133,animalia,insecta
animalia — gastropoda,Rocky mountain duskysnail,Colligyrus greggi,Unknown,Global,Least Concern,https://www.iucnredlist.org/species/189776/1937485,animalia,gastropoda
plantae — magnoliopsida,Marsh Cinquefoil,Comarum palustre,Unknown,Global,Least Concern,https://www.iucnredlist.org/species/64310797/67729186,plantae,magnoliopsida
animalia — insecta,Cristate Grasshopper,Conozoa texana,Unknown,Global,Least Concern,https://www.iucnredlist.org/species/107981315/107981357,animalia,insecta
animalia — insecta,Apache Spiketail,Cordulegaster diadema,Stable,Global,Least Concern,https://www.iucnredlist.org/species/164951/80682387,animalia,insecta
animalia — insecta,Pacific Spiketail,Cordulegaster dorsalis,Stable,Global,Least Concern,https://www.iucnredlist.org/species/50968962/65836214,animalia,insecta
animalia — insecta,American Emerald,Cordulia shurtleffii,Stable,Global,Least Concern,https://www.iucnredlist.org/species/50969369/65836229,animalia,insecta
plantae — magnoliopsida,,Cornus sericea,Increasing,Global,Least Concern,https://www.iucnredlist.org/species/64310848/67729196,plantae,magnoliopsida
plantae — magnoliopsida,Sand Cholla,Corynopuntia pulchella,Stable,Global,Least Concern,https://www.iucnredlist.org/species/152015/121454316,plantae,magnoliopsida
plantae — magnoliopsida,,Crotalaria pumila,Stable,Global,Least Concern,https://www.iucnredlist.org/species/19891771/20049942,plantae,magnoliopsida
plantae — magnoliopsida,Buffalo gourd,Cucurbita foetidissima,Stable,Global,Least Concern,https://www.iucnredlist.org/species/20742647/20755876,plantae,magnoliopsida
plantae — magnoliopsida,Coyote-melon,Cucurbita palmata,Decreasing,Global,Data Deficient,https://www.iucnredlist.org/species/109928737/109928807,plantae,magnoliopsida
plantae — magnoliopsida,Warner's Dodder,Cuscuta warneri,Unknown,Global,Data Deficient,https://www.iucnredlist.org/species/153754449/153954522,plantae,magnoliopsida
plantae — magnoliopsida,,Cylindropuntia acanthocarpa,Stable,Global,Least Concern,https://www.iucnredlist.org/species/152855/121491804,plantae,magnoliopsida
plantae — magnoliopsida,,Cylindropuntia echinocarpa,Stable,Global,Least Concern,https://www.iucnredlist.org/species/152740/121486897,plantae,magnoliopsida
plantae — magnoliopsida,,Cylindropuntia whipplei,Stable,Global,Least Concern,https://www.iucnredlist.org/species/152721/121485736,plantae,magnoliopsida
plantae — liliopsida,,Cynodon transvaalensis,Stable,Global,Least Concern,https://www.iucnredlist.org/species/44393469/44443711,plantae,liliopsida
animalia — mammalia,,Cynomys gunnisoni,Decreasing,Global,Least Concern,https://www.iucnredlist.org/species/42453/115189620,animalia,mammalia
animalia — mammalia,,Cynomys leucurus,Decreasing,Global,Least Concern,https://www.iucnredlist.org/species/42454/22261371,animalia,mammalia
animalia — mammalia,Utah Prairie Dog,Cynomys parvidens,Decreasing,Global,Endangered,https://www.iucnredlist.org/species/6090/22260975,animalia,mammalia
plantae — liliopsida,Red-root flatsedge,Cyperus erythrorhizos,Unknown,Global,Least Concern,https://www.iucnredlist.org/species/64310893/67729221,plantae,liliopsida
plantae — liliopsida,Strawcolored Flatsedge,Cyperus strigosus,Unknown,Global,Least Concern,https://www.iucnredlist.org/species/64310948/67729226,plantae,liliopsida
plantae — liliopsida,Clustered Lady's-slipper,Cypripedium fasciculatum,Decreasing,Global,Vulnerable,https://www.iucnredlist.org/species/43315656/43327649,plantae,liliopsida
plantae — liliopsida,American Yellow Lady's-slipper,Cypripedium parviflorum,Decreasing,Global,Least Concern,https://www.iucnredlist.org/species/43316816/43327704,plantae,liliopsida
plantae — magnoliopsida,,Dalea compacta,Stable,Global,Least Concern,https://www.iucnredlist.org/species/19892761/20058229,plantae,magnoliopsida
plantae — magnoliopsida,,Dalea formosa,Stable,Global,Least Concern,https://www.iucnredlist.org/species/19893131/20058877,plantae,magnoliopsida
plantae — magnoliopsida,,Dalea lasiathera,Stable,Global,Least Concern,https://www.iucnredlist.org/species/19892999/20059231,plantae,magnoliopsida
plantae — magnoliopsida,,Dalea obovata,Stable,Global,Least Concern,https://www.iucnredlist.org/species/19892391/20050344,plantae,magnoliopsida
plantae — magnoliopsida,,Dalea ornata,Stable,Global,Least Concern,https://www.iucnredlist.org/species/19892189/20050817,plantae,magnoliopsida
animalia — gastropoda,,Deroceras invadens,Increasing,"Global, Europe",Least Concern,https://www.iucnredlist.org/species/83478691/83478783,animalia,gastropoda
plantae — magnoliopsida,,Desmodium glutinosum,Stable,Global,Least Concern,https://www.iucnredlist.org/species/19892387/20062869,plantae,magnoliopsida
plantae — magnoliopsida,,Desmodium grahamii,Stable,Global,Least Concern,https://www.iucnredlist.org/species/19892074/20063284,plantae,magnoliopsida
plantae — magnoliopsida,,Desmodium intortum,Stable,Global,Least Concern,https://www.iucnredlist.org/species/19891529/20063797,plantae,magnoliopsida
plantae — magnoliopsida,,Desmodium lindheimeri,Stable,Global,Least Concern,https://www.iucnredlist.org/species/19892479/20064340,plantae,magnoliopsida
plantae — magnoliopsida,,Desmodium nuttallii,Stable,Global,Least Concern,https://www.iucnredlist.org/species/19891814/20065589,plantae,magnoliopsida
animalia — mammalia,,Dipodomys deserti,Stable,Global,Least Concern,https://www.iucnredlist.org/species/6686/22228301,animalia,mammalia
animalia — mammalia,Merriam's Kangaroo Rat,Dipodomys merriami,Stable,Global,Least Concern,https://www.iucnredlist.org/species/92465716/115515430,animalia,mammalia
animalia — mammalia,,Dipodomys microps,Stable,Global,Least Concern,https://www.iucnredlist.org/species/42603/22227645,animalia,mammalia
animalia — mammalia,Ord's Kangaroo Rat,Dipodomys ordii,Stable,Global,Least Concern,https://www.iucnredlist.org/species/6691/115083268,animalia,mammalia
animalia — reptilia,Common Desert Iguana,Dipsosaurus dorsalis,Unknown,Global,Least Concern,https://www.iucnredlist.org/species/194975/2370621,animalia,reptilia
plantae — liliopsida,,Distichlis spicata,Unknown,Global,Least Concern,https://www.iucnredlist.org/species/64311188/67729236,plantae,liliopsida
plantae — magnoliopsida,,Downingia laeta,Unknown,Global,Least Concern,https://www.iucnredlist.org/species/64311205/67729251,plantae,magnoliopsida
animalia — bivalvia,Quagga Mussel,Dreissena bugensis,Stable,"Global, Europe",Least Concern,https://www.iucnredlist.org/species/188911/215464992,animalia,bivalvia
animalia — amphibia,Canyon Treefrog,Dryophytes arenicolor,Stable,Global,Least Concern,https://www.iucnredlist.org/species/55396/53952785,animalia,amphibia
plantae — magnoliopsida,Purple Coneflower,Echinacea purpurea,Unknown,Global,Least Concern,https://www.iucnredlist.org/species/88323256/88323259,plantae,magnoliopsida
plantae — magnoliopsida,Triangle Cactus,Echinocactus polycephalus,Stable,Global,Least Concern,https://www.iucnredlist.org/species/152221/121463477,plantae,magnoliopsida
plantae — magnoliopsida,Mound Hedgehog Cactus,Echinocereus triglochidiatus,Stable,Global,Least Concern,https://www.iucnredlist.org/species/152410/121473829,plantae,magnoliopsida
plantae — liliopsida,Barnyard Grass,Echinochloa crus-galli,Increasing,Global,Least Concern,https://www.iucnredlist.org/species/169069/145082692,plantae,liliopsida
plantae — magnoliopsida,,Elaeagnus commutata,Unknown,Global,Least Concern,https://www.iucnredlist.org/species/64311251/67729266,plantae,magnoliopsida
plantae — magnoliopsida,Mudwort,Elatine triandra,Unknown,Global,Least Concern,https://www.iucnredlist.org/species/167856/1178323,plantae,magnoliopsida
plantae — liliopsida,,Eleocharis acicularis,Unknown,Global,Least Concern,https://www.iucnredlist.org/species/164247/1034194,plantae,liliopsida
plantae — liliopsida,Bald spikerush,Eleocharis erythropoda,Unknown,Global,Least Concern,https://www.iucnredlist.org/species/64311292/67729331,plantae,liliopsida
plantae — liliopsida,,Eleocharis flavescens,Stable,Global,Least Concern,https://www.iucnredlist.org/species/44392324/44468279,plantae,liliopsida
plantae — liliopsida,Creeping spikerush,Eleocharis macrostachya,Unknown,Global,Least Concern,https://www.iucnredlist.org/species/64311298/66891680,plantae,liliopsida
plantae — liliopsida,Common Spike-rush,Eleocharis palustris,Unknown,Global,Least Concern,https://www.iucnredlist.org/species/163990/1017558,plantae,liliopsida
plantae — liliopsida,Beaked spikerush,Eleocharis rostellata,Unknown,Global,Least Concern,https://www.iucnredlist.org/species/64311314/67729361,plantae,liliopsida
plantae — liliopsida,Suksdorf's spikerush,Eleocharis suksdorfiana,Unknown,Global,Least Concern,https://www.iucnredlist.org/species/64311317/67729366,plantae,liliopsida
plantae — liliopsida,Slender Spike-rush,Eleocharis uniglumis,Unknown,Global,Least Concern,https://www.iucnredlist.org/species/164239/13548404,plantae,liliopsida
animalia — insecta,,Ellychnia alexanderi,Unknown,Global,Data Deficient,https://www.iucnredlist.org/species/164015219/166771323,animalia,insecta
plantae — liliopsida,,Elodea bifoliata,Unknown,Global,Least Concern,https://www.iucnredlist.org/species/64311327/67729381,plantae,liliopsida
plantae — liliopsida,,Elodea canadensis,Unknown,Global,Least Concern,https://www.iucnredlist.org/species/13506646/13506651,plantae,liliopsida
animalia — insecta,River Bluet,Enallagma anna,Stable,Global,Least Concern,https://www.iucnredlist.org/species/51342071/65836699,animalia,insecta
animalia — insecta,Northern Bluet,Enallagma annexum,Stable,Global,Least Concern,https://www.iucnredlist.org/species/51342193/65836704,animalia,insecta
animalia — insecta,Boreal Bluet,Enallagma boreale,Stable,Global,Least Concern,https://www.iucnredlist.org/species/51355269/65836724,animalia,insecta
animalia — insecta,Tule Bluet,Enallagma carunculatum,Stable,Global,Least Concern,https://www.iucnredlist.org/species/165079/65831144,animalia,insecta
animalia — insecta,Familiar Bluet,Enallagma civile,Stable,Global,Least Concern,https://www.iucnredlist.org/species/49254379/65836139,animalia,insecta
animalia — insecta,Alkali Bluet,Enallagma clausum,Stable,Global,Least Concern,https://www.iucnredlist.org/species/51355757/65836729,animalia,insecta
animalia — insecta,Marsh Bluet,Enallagma ebrium,Stable,Global,Least Concern,https://www.iucnredlist.org/species/165063/65829334,animalia,insecta
animalia — insecta,Arroyo Bluet,Enallagma praevarum,Stable,Global,Least Concern,https://www.iucnredlist.org/species/51357444/80690054,animalia,insecta
plantae — gnetopsida,,Ephedra aspera,Stable,Global,Least Concern,https://www.iucnredlist.org/species/201685/9164657,plantae,gnetopsida
plantae — gnetopsida,,Ephedra cutleri,Stable,Global,Least Concern,https://www.iucnredlist.org/species/201675/9162063,plantae,gnetopsida
plantae — gnetopsida,,Ephedra fasciculata,Stable,Global,Least Concern,https://www.iucnredlist.org/species/201694/9166943,plantae,gnetopsida
plantae — gnetopsida,,Ephedra torreyana,Stable,Global,Least Concern,https://www.iucnredlist.org/species/201677/9162483,plantae,gnetopsida
plantae — gnetopsida,,Ephedra viridis,Stable,Global,Least Concern,https://www.iucnredlist.org/species/201705/9169780,plantae,gnetopsida
plantae — magnoliopsida,,Epilobium ciliatum,Unknown,Global,Least Concern,https://www.iucnredlist.org/species/64311338/121902124,plantae,magnoliopsida
plantae — magnoliopsida,,Epilobium leptophyllum,Unknown,Global,Least Concern,https://www.iucnredlist.org/species/64311347/67729411,plantae,magnoliopsida
plantae — magnoliopsida,Marsh Willowherb,Epilobium palustre,Unknown,Global,Least Concern,https://www.iucnredlist.org/species/168737/1219085,plantae,magnoliopsida
plantae — liliopsida,,Epipactis gigantea,Unknown,Global,Least Concern,https://www.iucnredlist.org/species/64311354/67729421,plantae,liliopsida
plantae — polypodiopsida,Field Horsetail,Equisetum arvense,Unknown,Global,Least Concern,https://www.iucnredlist.org/species/167857/161580271,plantae,polypodiopsida
plantae — polypodiopsida,Rough Horsetail,Equisetum hyemale,Increasing,Global,Least Concern,https://www.iucnredlist.org/species/203003/42381564,plantae,polypodiopsida
plantae — liliopsida,,Eragrostis hypnoides,Unknown,Global,Least Concern,https://www.iucnredlist.org/species/64311363/67729431,plantae,liliopsida
plantae — magnoliopsida,,Erigeron lonchophyllus,Unknown,Global,Least Concern,https://www.iucnredlist.org/species/64311370/67729441,plantae,magnoliopsida
plantae — liliopsida,Chamisso's Cottongrass,Eriophorum chamissonis,Unknown,Global,Least Concern,https://www.iucnredlist.org/species/64311483/67729456,plantae,liliopsida
animalia — insecta,White-belted Ringtail,Erpetogomphus compositus,Stable,Global,Least Concern,https://www.iucnredlist.org/species/51178670/80680347,animalia,insecta
animalia — insecta,Western Pondhawk,Erythemis collocata,Stable,Global,Least Concern,https://www.iucnredlist.org/species/51273218/65836509,animalia,insecta
animalia — insecta,Eastern Pondhawk,Erythemis simplicicollis,Increasing,Global,Least Concern,https://www.iucnredlist.org/species/165090/65832674,animalia,insecta
plantae — magnoliopsida,,Erythrostemon phyllanthoides,Decreasing,Global,Endangered,https://www.iucnredlist.org/species/19893082/20031740,plantae,magnoliopsida
plantae — magnoliopsida,Missouri Foxtail Cactus,Escobaria missouriensis,Stable,Global,Least Concern,https://www.iucnredlist.org/species/151844/121510797,plantae,magnoliopsida
plantae — magnoliopsida,Pincushion Cactus,Escobaria vivipara,Stable,Global,Least Concern,https://www.iucnredlist.org/species/152233/121527679,plantae,magnoliopsida
animalia — actinopterygii,Northern Pike,Esox lucius,Decreasing,Global,Least Concern,https://www.iucnredlist.org/species/135631/58312794,animalia,actinopterygii
plantae — magnoliopsida,,Eucephalus engelmannii,Unknown,Global,Least Concern,https://www.iucnredlist.org/species/64311529/67729476,plantae,magnoliopsida
animalia — bivalvia,Ridgedbeak Peaclam,Euglesa compressa,Stable,Global,Least Concern,https://www.iucnredlist.org/species/66639293/66639530,animalia,bivalvia
animalia — bivalvia,Lilljeborg's Pea Mussel,Euglesa lilljeborgii,Stable,Global,Least Concern,https://www.iucnredlist.org/species/155532/58616166,animalia,bivalvia
animalia — bivalvia,Rosy Pea Mussel,Euglesa milium,Unknown,Global,Least Concern,https://www.iucnredlist.org/species/155923/42451946,animalia,bivalvia
animalia — bivalvia,Shining Pea Mussel,Euglesa nitida,Stable,Global,Least Concern,https://www.iucnredlist.org/species/155659/58616181,animalia,bivalvia
animalia — bivalvia,Porous Pea Mussel,Euglesa obtusalis,Unknown,Global,Least Concern,https://www.iucnredlist.org/species/156122/4904565,animalia,bivalvia
animalia — bivalvia,Short-ended Pea Mussel,Euglesa subtruncata,Unknown,Global,Least Concern,https://www.iucnredlist.org/species/155908/42454034,animalia,bivalvia
plantae — magnoliopsida,,Eupatorium maculatum,Unknown,Global,Least Concern,https://www.iucnredlist.org/species/64311534/67729481,plantae,magnoliopsida
plantae — magnoliopsida,,Euphorbia heterophylla,Stable,Global,Least Concern,https://www.iucnredlist.org/species/126519432/192136545,plantae,magnoliopsida
animalia — insecta,Anicia Checkerspot,Euphydryas anicia,Stable,Global,Least Concern,https://www.iucnredlist.org/species/209895813/210975081,animalia,insecta
plantae — magnoliopsida,California Barrel Cactus,Ferocactus cylindraceus,Stable,Global,Least Concern,https://www.iucnredlist.org/species/152556/121539513,plantae,magnoliopsida
plantae — liliopsida,Ditch Fimbry,Fimbristylis schoenoides,Stable,Global,Least Concern,https://www.iucnredlist.org/species/177155/7378813,plantae,liliopsida
plantae — magnoliopsida,,Fraxinus anomala,Unknown,Global,Least Concern,https://www.iucnredlist.org/species/96443671/96443673,plantae,magnoliopsida
plantae — magnoliopsida,,Fraxinus dipetala,Unknown,Global,Least Concern,https://www.iucnredlist.org/species/96443856/96443862,plantae,magnoliopsida
plantae — magnoliopsida,Green Ash,Fraxinus pennsylvanica,Decreasing,Global,Critically Endangered,https://www.iucnredlist.org/species/61918934/61919002,plantae,magnoliopsida
plantae — magnoliopsida,,Fraxinus velutina,Unknown,Global,Least Concern,https://www.iucnredlist.org/species/96444728/96444730,plantae,magnoliopsida
plantae — liliopsida,,Galanthus nivalis,Decreasing,"Global, Europe",Near Threatened,https://www.iucnredlist.org/species/162168/5551773,plantae,liliopsida
animalia — gastropoda,Prairie Fossaria,Galba bulimoides,Stable,Global,Least Concern,https://www.iucnredlist.org/species/189207/8701742,animalia,gastropoda
animalia — gastropoda,Rock Fossaria,Galba modicella,Stable,Global,Least Concern,https://www.iucnredlist.org/species/69620662/69632993,animalia,gastropoda
animalia — gastropoda,Golden Fossaria,Galba obrussa,Stable,Global,Least Concern,https://www.iucnredlist.org/species/69620696/69632998,animalia,gastropoda
